Player_ID,Player_Name,Position,First_Season,Last_Season
1,A.Dalton,QB,2021,2021
2,A.Hicks,IDL,2016,2020
3,A.Jeffery,WR,2016,2016
4,A.Miller,WR,2018,2021
5,A.Pierce,RB,2020,2022
6,A.Robinson,WR,2018,2021
7,A.Shaheen,TE,2017,2020
8,Aaron Lynch,ED,2018,2019
9,Aaron Neary,LG,2020,2020
10,Abdullah Anderson,IDL,2018,2020
11,Adam Redmond,C,2021,2021
12,Adarius Pickett,S,2019,2021
13,Adrian Amos,S,2016,2018
14,Ahmad Wagner,WR,2020,2022
15,AJ Thomas,S,2022,2024
16,Al-Quadin Muhammad,ED,2022,2023
17,Alec Ogletree,LB,2021,2021
18,Alex Bars,LG,2019,2021
19,Alex Carter,CB,2017,2017
20,Alex Scearce,LB,2017,2019
21,Alex Taylor,RT,2021,2021
22,Alex Wesley,WR,2019,2020
23,Allie Green IV,CB,2022,2024
24,Amari Carter,S,2022,2024
25,Amini Silatolu,LT,2016,2016
26,Andrew DePaola,LS,2017,2017
27,Andrew Trumbetti,ED,2018,2020
28,Andy Phillips,K,2017,2019
29,Angelo Blackson,IDL,2021,2022
30,Anthony Jefferson,S,2016,2017
31,Anthony Rush,IDL,2020,2020
32,Antonio Ortiz,LS,2022,2024
33,Antrel Rolle,S,2016,2017
34,Arlington Hambright,LG,2020,2023
35,Artie Burns,CB,2020,2021
36,Austin Calitro,LB,2021,2021
37,Auzoyah Alufohai,IDL,2021,2022
38,B.Addison,WR,2016,2017
39,B.Braunecker,TE,2016,2020
40,B.Brown,RB,2025,2025
41,B.Cunningham,RB,2017,2018
42,B.Hoyer,QB,2016,2016
43,B.J. Daniels,QB,2016,2016
44,B.Massie,RT,2016,2022
45,B.Mingo,ED,2020,2020
46,B.Pringle,WR,2022,2022
47,B.Sowell,TE,2017,2019
48,B.W. Webb,CB,2017,2017
49,Badara Traore,RT,2020,2022
50,Beau Brinkley,LS,2022,2022
51,Ben LeCompte,P,2016,2018
52,Ben Mason,FB,2021,2021
53,Bennie Fowler,WR,2018,2018
54,Bilal Nichols,IDL,2018,2021
55,Blake Blackmar,RG,2019,2021
56,Brandon Boykin,CB,2016,2016
57,Brandon Greene,RG,2017,2019
58,Brandon Marshall,WR,2016,2016
59,Braxton Jones,LT,2022,2025
60,Brent Urban,IDL,2019,2020
61,Breshad Perriman,WR,2021,2021
62,Brian Johnson,K,2021,2023
63,Brock Vereen,S,2016,2017
64,Bruce Irvin,LB,2021,2021
65,Bryan Witzmann,LG,2018,2018
66,Bryce Callahan,CB,2017,2018
67,Bunmi Rotimi,IDL,2018,2020
68,Buster Skrine,CB,2019,2021
69,C.Claypool,WR,2022,2023
70,C.Daniel,QB,2018,2019
71,C.J. Wilson,IDL,2016,2017
72,C.Johnson,LB,2021,2024
73,C.Kmet,TE,2020,2025
74,C.Loveland,TE,2025,2025
75,C.Meredith,WR,2016,2018
76,C.Patterson,WR,2019,2020
77,C.Prosinski,S,2016,2017
78,C.Williams,QB,2024,2025
79,Cairo Santos,K,2017,2023
80,Cameron Lee,LG,2017,2018
81,Carl Bradford,LB,2017,2017
82,Carson Taylor,ED,2022,2024
83,Cassius Marsh,ED,2021,2021
84,Caushaud Lyons,IDL,2017,2017
85,Cavon Walker,IDL,2018,2020
86,Charles Leno Jr.,LT,2016,2020
87,Charles Snowden,ED,2021,2023
88,Chase Allen,TE,2022,2024
89,Chris Blewitt,K,2019,2021
90,Chris Finke,WR,2022,2022
91,Chris Lacy,WR,2021,2021
92,Chris Thompson,WR,2021,2021
93,Christian Albright,LB,2022,2024
94,Christian Jones,LB,2017,2021
95,Chuck Harris,IDL,2019,2021
96,CJ Avery,LB,2022,2024
97,CJ Marable,RB,2021,2023
98,Clifton Duck,CB,2019,2021
99,Cody Parkey,K,2018,2021
100,Cody Whitehair,LG,2016,2023
101,Colin Thompson,TE,2017,2018
102,Connor Barth,K,2017,2017
103,Connor Shaw,QB,2017,2017
104,Corey Levin,C,2019,2020
105,Cornelius Lucas,LT,2019,2019
106,Cornelius Washington,ED,2016,2016
107,Cre'Von LeBlanc,CB,2016,2018
108,Cyril Grayson,WR,2018,2020
109,Cyril Richardson,LG,2016,2017
110,Cyrus Holder,WR,2022,2024
111,D'Anthony Smith,IDL,2016,2016
112,D.Braverman,WR,2016,2017
113,D.Brown,TE,2016,2018
114,D.Byrd,WR,2021,2021
115,D.Carter,WR,2020,2024
116,D.Duvernay,WR,2025,2025
117,D.Evans,RB,2020,2024
118,D.Fales,QB,2016,2017
119,D.Foreman,RB,2023,2023
120,D.Harris,TE,2020,2020
121,D.Inman,WR,2017,2017
122,D.J. Tialavea,TE,2017,2017
123,D.Montgomery,RB,2019,2022
124,D.Mooney,WR,2020,2023
125,D.Moore,WR,2022,2025
126,D.Newsome,WR,2021,2024
127,D.Pettis,WR,2022,2022
128,D.Sims,TE,2017,2019
129,D.Smythe,TE,2025,2025
130,D.Swift,RB,2024,2025
131,D.Thompson,WR,2016,2017
132,D.Williams,RB,2021,2021
133,Dakota Dozier,LG,2022,2022
134,Dalyn Williams,QB,2016,2018
135,Damien Williams,RB,2021,2021
136,Damion Square,IDL,2021,2021
137,Dan Skuta,LB,2017,2017
138,Dane Cruikshank,S,2022,2022
139,Daniel Archibong,IDL,2021,2023
140,Daniel McCullers,IDL,2020,2020
141,Danny Mason,ED,2016,2016
142,Danny Trevathan,LB,2016,2022
143,Dareuan Parker,LG,2021,2023
144,Darion Clark,TE,2020,2022
145,Darreus Rogers,WR,2017,2017
146,Darrin Peterson,WR,2016,2018
147,Daryle Banfield,IDL,2019,2021
148,David Bass,ED,2016,2016
149,David Cobb,RB,2016,2017
150,Dax Raymond,TE,2019,2021
151,De'Montre Tuggle,RB,2022,2024
152,De'Vante Bausby,CB,2016,2016
153,DeAndre Houston-Carson,S,2016,2022
154,Dee Virgin,CB,2021,2021
155,Deiondre' Hall,S,2016,2019
156,Dejon Allen,RG,2018,2020
157,DeMarcus Ayers,WR,2017,2018
158,Demetrius Harris,TE,2020,2020
159,Deon Bush,S,2016,2021
160,Derek Keaton,WR,2016,2018
161,Desmond Trufant,CB,2021,2021
162,Devante Bond,LB,2019,2020
163,Dewayne Hendrix,ED,2019,2019
164,Dieter Eiselen,LG,2020,2022
165,Dieugot Joseph,LT,2017,2019
166,Dino Boyd,LT,2019,2020
167,Dionte Ruffin,CB,2021,2023
168,Dominique Robinson,ED,2022,2025
169,Doran Grant,CB,2017,2018
170,Doug Kramer,C,2022,2025
171,Doyin Jibowu,S,2019,2021
172,Dres Anderson,WR,2017,2017
173,Duke Shelley,CB,2019,2022
174,Dwayne Harris,WR,2020,2020
175,E.Royal,WR,2016,2017
176,E.Saubert,TE,2019,2020
177,E.St. Brown,WR,2022,2023
178,Earl Watford,RG,2018,2018
179,Eddie Goldman,IDL,2016,2021
180,Eddie Jackson,S,2017,2023
181,Eddy Pineiro,K,2018,2020
182,Ego Ferguson,IDL,2016,2017
183,Elijah Hicks,S,2022,2025
184,Elijah Norris,ED,2018,2020
185,Elijah Wilkinson,LT,2021,2021
186,Elliott Fry,K,2019,2021
187,Ellis Richardson,TE,2019,2021
188,Emanuel Hall,WR,2019,2021
189,Eric Kush,LG,2016,2020
190,Fadol Brown,IDL,2019,2019
191,Franko House,TE,2017,2019
192,Freddie Stevenson,FB,2017,2019
193,G.Everett,TE,2024,2024
194,Gage Cervenka,RG,2021,2023
195,Garrett Johnson,WR,2018,2020
196,Garry Williams,RT,2016,2016
197,Germain Ifedi,RG,2020,2021
198,Greg Stroman,CB,2022,2022
199,Gunnar Vogel,RT,2021,2023
200,Ha-Ha Clinton-Dix,S,2019,2019
201,Harold Jones-Quartey,S,2016,2017
202,Hendrick Ekpe,LB,2017,2019
203,Henry Litwin,WR,2022,2024
204,Howard Jones,ED,2017,2018
205,Hroniss Grasu,C,2016,2018
206,I.Coulter,WR,2021,2022
207,I.Smith-Marsette,WR,2022,2022
208,Ian Bunting,TE,2019,2021
209,Isaiah Irving,ED,2017,2020
210,J.Bell,RB,2016,2016
211,J.Bellamy,WR,2016,2018
212,J.Cutler,QB,2016,2020
213,J.Fields,QB,2021,2024
214,J.Graham,TE,2020,2021
215,J.Grant,WR,2021,2021
216,J.Holtz,TE,2019,2021
217,J.Horsted,WR,2019,2022
218,J.Howard,RB,2016,2018
219,J.James,TE,2021,2021
220,J.Langford,RB,2016,2018
221,J.Tonges,TE,2022,2024
222,J.Walker,WR,2019,2025
223,J.Wims,WR,2018,2021
224,Ja'Tyre Carter,LG,2022,2025
225,Jack Allen,C,2018,2018
226,Jack Sanborn,LB,2022,2024
227,Jacoby Glenn,CB,2017,2017
228,Jacquizz Rodgers,RB,2016,2016
229,Jake Butt,TE,2021,2021
230,Jalen Dalton,IDL,2019,2021
231,Jameer Thurman,LB,2019,2021
232,James Daniels,RG,2018,2021
233,James O'Shaughnessy,TE,2022,2022
234,James Stone,C,2018,2018
235,James Vaughters,ED,2019,2021
236,Jamire Jordan,CB,2019,2021
237,Jamon Brown,RG,2020,2020
238,Jaquan Brisker,S,2022,2025
239,Jared Allen,ED,2016,2016
240,Jarrett Grace,LB,2016,2018
241,Jason Peters,LT,2021,2021
242,Jason Spriggs,LT,2020,2020
243,Jason Thompson,S,2017,2017
244,Jason Weaver,LT,2016,2016
245,Jaye Howard,IDL,2017,2017
246,Jaylan Alexander,LB,2022,2024
247,Jaylon Johnson,CB,2020,2023
248,Jaylon Jones,S,2022,2024
249,Jean Delance,RT,2022,2024
250,Jeff Overbaugh,LS,2017,2017
251,Jeremi Hall,LG,2018,2020
252,Jeremiah Attaochu,ED,2021,2022
253,Jeremy McNichols,RB,2019,2019
254,Jermon Bushrod,LT,2016,2017
255,Jerrell Freeman,LB,2016,2018
256,Jester Weah,WR,2021,2021
257,Jhajuan Seales,WR,2017,2019
258,Jimmy Staten,IDL,2016,2016
259,Jo.Howard,RB,2017,2017
260,Joe Lowery,RG,2019,2021
261,Joe Thomas,LB,2022,2022
262,Joel Bouagnon,RB,2017,2019
263,Joel Iyiegbuniwe,LB,2018,2021
264,Joel Ross,CB,2016,2016
265,John Baron,K,2019,2021
266,John Chiles,WR,2016,2016
267,John Daka,ED,2021,2021
268,John Franklin III,CB,2018,2020
269,John Jenkins,IDL,2017,2020
270,John Timu,LB,2016,2018
271,John Wirtel,LS,2019,2021
272,Johnthan Banks,CB,2016,2017
273,Jomon Dotson,CB,2019,2021
274,Jon Alexander,S,2022,2024
275,Jon Bostic,LB,2016,2016
276,Jon'Vea Johnson,WR,2021,2021
277,Jonathan Anderson,LB,2016,2018
278,Jonathan Bullard,IDL,2016,2019
279,Jonathan Harris,IDL,2019,2021
280,Jonathon Mincy,S,2018,2020
281,Jordan Howard,RB,2016,2019
282,Jordan Lucas,S,2020,2020
283,Jordan McCray,LG,2019,2019
284,Jordan Mills,RT,2016,2016
285,Jordan Morgan,LG,2017,2020
286,Jordan Williams-Lambert,WR,2019,2019
287,Josh Caldwell,RB,2019,2019
288,Josh Rounds,RB,2017,2019
289,Josh Shirley,ED,2016,2017
290,Josh Sitton,LG,2016,2018
291,Josh Woods,LB,2018,2021
292,Joshua Simmons,CB,2019,2021
293,Julie'n Davenport,LT,2022,2022
294,Justin Hardy,WR,2021,2021
295,Justin Jones,IDL,2022,2023
296,Justin Perillo,TE,2017,2017
297,K.Allen,WR,2024,2024
298,K.Blasingame,FB,2022,2023
299,K.Carey,RB,2016,2017
300,K.Herbert,RB,2021,2024
301,K.Monangai,RB,2025,2025
302,K.White,WR,2016,2018
303,K.Wright,WR,2017,2017
304,Kai Forbath,K,2020,2020
305,Kaleb Johnson,LG,2018,2018
306,Kapron Lewis-Moore,IDL,2017,2017
307,Kasim Edebali,ED,2018,2018
308,Keandre Jones,LB,2020,2022
309,Keith Browner,ED,2016,2016
310,Kelvin Sheppard,LB,2017,2017
311,Kentrell Brice,S,2020,2020
312,Kerrith Whyte,RB,2019,2022
313,Kevin Pierre-Louis,LB,2019,2019
314,Kevin Shaa,WR,2022,2024
315,Kevin Toliver II,CB,2018,2020
316,Khaled Holmes,C,2016,2016
317,Khalil Mack,ED,2018,2023
318,Khalil McClain,WR,2021,2023
319,Khaseem Greene,LB,2016,2016
320,Khyiris Tonga,IDL,2021,2024
321,Kieren Duncan,WR,2016,2018
322,Kindle Vildor,CB,2020,2023
323,Knile Davis,RB,2018,2018
324,Kyle Fuller,CB,2016,2021
325,Kyle Long,RG,2016,2020
326,Kyle Sloter,QB,2020,2020
327,Kyler Gordon,CB,2022,2025
328,Kylie Fitts,ED,2018,2021
329,L.Burden,WR,2025,2025
330,L.Miller,RB,2020,2020
331,L.Paulsen,TE,2016,2016
332,Lacale London,IDL,2020,2022
333,Lachavious Simmons,RG,2020,2023
334,Lamar Jackson,CB,2022,2022
335,Lamarr Houston,ED,2016,2018
336,Landon Lenoir,WR,2022,2024
337,Larry Borom,RT,2021,2024
338,Lawrence Marshall,IDL,2019,2021
339,Ledarius Mack,LB,2020,2022
340,Lee Autry,IDL,2020,2022
341,Leonard Floyd,ED,2016,2019
342,Levonte Whitfield,WR,2017,2019
343,Lucas Patrick,LG,2022,2023
344,M.Barkley,QB,2016,2016
345,M.Burton,FB,2017,2020
346,M.Davis,RB,2019,2020
347,M.Glennon,QB,2017,2019
348,M.Goodwin,WR,2021,2021
349,M.Lewis,TE,2023,2024
350,M.Pruitt,TE,2016,2017
351,M.Trubisky,QB,2017,2020
352,M.Wheaton,WR,2017,2018
353,M.Wilson,WR,2016,2016
354,Malachi Jones,WR,2018,2018
355,Manny Ramirez,C,2016,2016
356,Manti Te'o,LB,2020,2020
357,Marcus Cooper,CB,2017,2019
358,Marcus Williams,CB,2018,2018
359,Margus Hunt,IDL,2021,2021
360,Mario Alford,WR,2017,2017
361,Mario Edwards Jr.,IDL,2020,2023
362,Mark Sanchez,QB,2017,2017
363,Marlon Brown,WR,2018,2018
364,Marquez Tucker,LG,2019,2021
365,Marqui Christian,S,2020,2021
366,Marquis Jackson,IDL,2016,2016
367,Martellus Bennett,TE,2016,2016
368,Marvin Hall,WR,2019,2019
369,Master Teague,RB,2022,2024
370,Mathieu Betts,ED,2019,2021
371,Matt Blanchard,QB,2016,2016
372,Matt Fleming,WR,2018,2020
373,Matt McCants,LT,2016,2018
374,Matt Slauson,LG,2016,2017
375,Matthew Adams,LB,2022,2022
376,Matthew Wells,LB,2016,2018
377,Mekale McKay,WR,2017,2018
378,Micah Dew-Treadway,IDL,2022,2024
379,Michael Joseph,CB,2018,2022
380,Michael Pinckney,LB,2021,2021
381,Mike Adams,RT,2016,2016
382,Mike Nugent,K,2017,2017
383,Mike Pennel,IDL,2021,2021
384,Mike Purcell,IDL,2017,2017
385,Mitch Unrein,IDL,2016,2017
386,Mitchell Kirsch,LT,2017,2019
387,N.Foles,QB,2019,2022
388,N.Harry,WR,2022,2022
389,N.Kwiatkoski,LB,2016,2019
390,N.Peterman,QB,2022,2023
391,N.Webster,WR,2019,2022
392,Napoleon Maxwell,RB,2020,2022
393,Nate Chandler,LT,2016,2016
394,Nelson Spruce,WR,2017,2017
395,Nicholas Morrow,LB,2022,2022
396,Nicholas Williams,IDL,2018,2019
397,Nick Becton,RT,2016,2016
398,Nick Orr,S,2018,2020
399,Noah Dawkins,LB,2022,2022
400,Nyles Morgan,LB,2018,2020
401,O.Zaccheaus,WR,2025,2025
402,Omar Bolden,CB,2016,2016
403,P.Lasike,RB,2016,2017
404,P.O'Donnell,P,2016,2021
405,Patrick Scales,LS,2017,2022
406,Pernell McPhee,ED,2016,2019
407,Pig Howard,WR,2017,2019
408,Prince Amukamara,CB,2017,2020
409,Quintin Demps,S,2017,2019
410,R.Adams,WR,2020,2021
411,R.Griffin,TE,2022,2022
412,R.Johnson,RB,2023,2025
413,R.Nall,RB,2018,2021
414,R.Odunze,WR,2024,2025
415,R.Ridley,WR,2019,2022
416,R.Tonyan,TE,2023,2023
417,Raheem Mostert,RB,2016,2016
418,Ramiz Ahmed,K,2020,2022
419,Rashaad Coward,RG,2017,2020
420,Rashaad Reynolds,CB,2017,2017
421,Rashad Smith,LB,2020,2022
422,Rashard Fant,CB,2018,2020
423,Redford Jones,K,2019,2021
424,Reggie Davis,WR,2019,2021
425,Ro'Derrick Hoskins,LB,2018,2020
426,Rob Housler,TE,2016,2016
427,Robert Quinn,ED,2020,2024
428,Roberto Aguayo,K,2016,2019
429,Roe Farris,CB,2021,2021
430,Ronald Powell,LB,2016,2016
431,Roquan Smith,LB,2018,2021
432,Roy Robertson-Harris,IDL,2016,2020
433,Rueben Randle,WR,2017,2017
434,Ryan Groy,C,2016,2016
435,Ryan Willis,QB,2021,2024
436,Ryan Winslow,P,2018,2022
437,Rysen John,TE,2021,2022
438,Sam Acho,ED,2016,2019
439,Sam Kamara,IDL,2021,2023
440,Sam Mustipher,C,2019,2022
441,Savon Scarver,WR,2022,2024
442,Scooter Harrington,TE,2021,2023
443,Shane Carden,QB,2016,2017
444,Shaq Roland,WR,2018,2020
445,Sharif Finch,LB,2020,2020
446,Shelley Smith,LG,2016,2016
447,Sherrick McManis,CB,2016,2020
448,Shon Coleman,LT,2022,2022
449,Sojourn Shelton,CB,2020,2020
450,Spencer Ware,RB,2020,2020
451,Stephen Denmark,CB,2019,2022
452,T.Bagent,QB,2023,2025
453,T.Boyle,QB,2022,2022
454,T.Bray,QB,2018,2020
455,T.Burton,TE,2018,2021
456,T.Cohen,RB,2017,2022
457,T.Ebner,RB,2022,2025
458,T.Gabriel,WR,2018,2021
459,T.Gentry,WR,2017,2020
460,T.Ginn,WR,2020,2020
461,T.Homer,RB,2023,2025
462,T.J. Clemmings,RT,2019,2019
463,T.McBride,WR,2016,2017
464,T.Mizzell,RB,2017,2019
465,T.Scott,WR,2023,2024
466,T.Siemian,QB,2022,2023
467,T.Taylor,WR,2023,2023
468,T.Wesco,TE,2022,2022
469,Tajae Sharpe,WR,2022,2022
470,Tanner Carew,LS,2018,2019
471,Tashaun Gipson,S,2020,2021
472,Tavon Young,CB,2022,2022
473,Tayo Fabuluje,LT,2016,2018
474,Ted Larsen,LG,2019,2019
475,Teez Tabor,CB,2020,2021
476,Terry Beckner Jr.,IDL,2020,2020
477,Terry Williams,IDL,2016,2016
478,Teven Jenkins,LT,2021,2024
479,Thakarius Keyes,CB,2021,2022
480,Thomas Graham Jr.,CB,2021,2024
481,Thomas Ives,WR,2019,2021
482,Thomas Schaffer,IDL,2021,2023
483,Tim Jennings,CB,2016,2017
484,Titus Davis,WR,2017,2017
485,Tom Compton,RG,2017,2017
486,Tommy Doles,LG,2019,2021
487,Tony Moeaki,TE,2016,2016
488,Tracy Porter,CB,2016,2018
489,Travis Averill,C,2017,2018
490,Tre Roberson,CB,2020,2021
491,Trenton Gill,P,2022,2025
492,Trevis Gipson,ED,2020,2023
493,Trevon Grimes,LG,2021,2021
494,Trevon McSwain,IDL,2020,2022
495,Trevor Davis,WR,2020,2020
496,Ty Holloway,CB,2018,2020
497,Tyler Clark,IDL,2020,2020
498,Tyler Moore,LG,2016,2017
499,Tyrone Wheatley Jr.,TE,2021,2023
500,V.Jones,WR,2022,2025
501,Victor Cruz,WR,2017,2017
502,Will Pericak,RG,2017,2018
503,Will Sutton,IDL,2016,2017
504,William Poehls,RT,2017,2017
505,Willie Beavers,RT,2018,2020
506,Willie Wright,RG,2022,2022
507,Willie Young,ED,2016,2017
508,Xavier Crawford,CB,2019,2021
509,Z.Miller,TE,2016,2018
510,Zachary Thomas,RG,2022,2025
